class,id,pages,status,note,last_checked
A,A01,https://chickencurry99.github.io/web26-2-a01/index.html,정상형식,good. 전체 페이지 구성은 아님.,2026-10-03
A,A02,https://d6mjdz26dw-blip.github.io/web26-2-a02/,정상형식,일부 링크에서 404 오류가 있음.,2026-10-03
A,A03,https://taetae4327.github.io/web26-2-a03/,정상형식,,2026-10-03
A,A04,https://esumin1125.github.io/web26-2-a04/,이름 확인,제출 주소/배포 상태 확인 필요. index 페이지에서 404 오류.,2026-10-03
A,A05,https://yechan0131.github.io/web26-2-a05/,정상형식,index.html 수정. 별도 로그인/서브 페이지 구성 확인.,2026-10-03
A,A06,https://it-songmk.github.io/web26-2-a06/,정상형식,3주차 내용 중심으로 구성됨.,2026-10-03
A,A07,https://yeochan-yoon1.github.io/wer26-2-a07/,index에 링크 없음,index에 수업 페이지 링크 목록이 없음.,2026-10-03
A,A08,https://jaeyeon-dev.github.io/web26-2-a08/,정상형식,,2026-10-03
A,A09,https://chaeyeon00000.github.io/web26-2-a09/,index에 링크 없음,최근 index에 수업 페이지 링크가 없음.,2026-10-03
A,A10,https://eeericlim-crypto.github.io/web26-2-a26,index에 링크 없음,최근 index에 수업 페이지 링크가 없음.,2026-10-03
A,A11,https://namusin.github.io/web26-2-a11/,index에 링크 없음,index에 수업 페이지 링크 목록이 없음.,2026-10-03
A,A12,https://dlghdgml.github.io/web26-2-a12/,index에 링크 없음,최근 index에 수업 페이지 링크가 없음.,2026-10-03
A,A13,https://canston7777-hub.github.io/web26-2-a13/,index에 링크 없음,주차 표시는 있으나 최근 index에 수업 페이지 링크가 없음.,2026-10-03
A,A14,https://sjs57913-cyber/github.io/web26-2-a14,이름 확인,제출 주소가 맞지 않음. GitHub Pages 주소 재확인 필요.,2026-10-03
A,A15,https://sm030913-glitch.github.io/web26-2-a15/,index에 링크 없음,index에 수업 페이지 링크 목록이 없음.,2026-10-03
A,A16,https://kuim77.github.io/web26-2-a16/,정상형식,주차 표시는 없음.,2026-10-03
A,A17,https://vxttottxv.github.io/web26-2-a17/,정상형식,주차 표시는 없음.,2026-10-03
A,A18,-,미제출,주소 미제출.,2026-10-03
A,A19,https://shdpdms42-a11y.github.io/web26-2-a19/,index에 링크 없음,최근 index에 수업 페이지 링크가 없음.,2026-10-03
A,A20,https://taekaeyo.github.io/web26-2-a20/,index에 링크 없음,index 내용이 비어 있거나 수업 페이지로 연결되지 않음.,2026-10-03
A,A21,https://seojh06.github.io/web26-2-a21/,정상형식,주차 표시는 없음.,2026-10-03
A,A22,https://web26-2-a22/github.io/Shark106,이름 확인,제출 주소와 GitHub 저장소 내용을 함께 재확인할 필요가 있음.,2026-10-03
A,A23,-,미제출,주소 미제출.,2026-10-03
B,B01,https://evthatha.github.io/web26-2-b01/,정상형식,챕터/파일 이름으로 페이지가 잘 구분되어 있음.,2026-10-03
B,B02,https://gahyun20070303-code.github.io/web26-2-b02/,정상형식,챕터/태그 표시는 없음.,2026-10-03
B,B03,https://yoon132570.github.io/web26-2-b03/,정상형식,OK.,2026-10-03
B,B04,https://dalh4541-cell.github.io/web26-2-b04/,정상형식,개인 요소를 추가해 구성함.,2026-10-03
B,B05,https://bgun601.github.io/web26-2-b05/,index에 링크 없음,주차 표시는 있으나 최근 index에 수업 페이지 링크가 없음.,2026-10-03
B,B06,https://kark0914.github.io/web26-2-b06/,index에 링크 없음,주차 표시는 있으나 최근 index에 수업 페이지 링크가 없음.,2026-10-03
B,B07,https://seoje0715.github.io/web26-2-b07/,index에 링크 없음,주차 표시는 있으나 최근 index에 수업 페이지 링크가 없음.,2026-10-03
B,B08,https://kariswoo7.github.io/web26-2-b08/,index에 링크 없음,주차 표시는 있으나 최근 index에 수업 페이지 링크가 없음.,2026-10-03
B,B09,https://kiwipodo7.github.io/web26-2-b09/,정상형식,이미지 등을 활용해 구성함.,2026-10-03
B,B10,-,미제출,주소 미제출.,2026-10-03
B,B11,https://ewymewym85-star.github.io/web26-2-b11/,정상형식,주차 표시는 없음.,2026-10-03
B,B12,https://aodieas-crypto.github.io/web26-2-b12/,index에 링크 없음,작업 내용은 있으나 index 페이지가 수업 페이지 링크 방식으로 구성되지 않음.,2026-10-03
B,B13,https://leesiwonseoul-jpg.github.io/web26-2-b13/,index에 링크 없음,index에 연결할 내용이 없음.,2026-10-03
B,B14,https://web26-2-b14.github.io/web26-2-b14/,정상형식,주차 표시는 없음.,2026-10-03
B,B15,https://dlwnstjd721.github.io/web26-2-b15/,정상형식,,2026-10-03
B,B16,https://web26-2-b16.github.io/web26-2-b16/,index에 링크 없음,일부 404 오류가 있고 최근 index 링크도 없음.,2026-10-03
B,B17,-,미제출,주소 미제출.,2026-10-03
B,B18,-,미제출,주소 미제출.,2026-10-03
B,B19,https://htmljuyeon.github.io/web26-2-b19/,이름 확인,제출 주소가 맞지 않음. GitHub Pages 주소 재확인 필요.,2026-10-03
B,B20,https://tjjd10ss-tech.github.io/web26-22-b20/,index에 링크 없음,index에서 수업 페이지로 이어지는 유효한 링크 구성이 부족함.,2026-10-03
B,B21,https://2026106488.github.io/web26-2-b21/,index에 링크 없음,주차 표시는 있으나 최근 index에 수업 페이지 링크가 없음.,2026-10-03
B,B22,https://jin071030-stack.github.io/web26-2-b22/,정상형식,주차 표시는 없음.,2026-10-03
B,B23,https://japjap111.github.io/web26-2-b23/,index에 링크 없음,주차 표시는 있으나 최근 index에 수업 페이지 링크가 없음.,2026-10-03
B,B24,https://rarubell777.github.io/web26-2-b24/,index에 링크 없음,index 내용이 비어 있거나 수업 페이지로 연결되지 않음.,2026-10-03
B,B25,https://07lgh0516.github.io/web26-2-b25/,정상형식,주차 표시는 없음.,2026-10-03
B,B26,https://hamuju7-eng.github.io/web26-2-b26/,이름 확인,제출 주소가 맞지 않음. GitHub Pages 주소 재확인 필요.,2026-10-03
B,B27,-,미제출,주소 미제출.,2026-10-03
C,C01,https://ksj8i21.github.io/web26-2-c01,정상형식,과제 HTML뿐 아니라 전체 구성이 잘 완성되어 있음.,2026-10-03
C,C02,https://jstjdhbgbt-cloud.github.io/web26-2-c02/,index에 링크 없음,index 내용이 비어 있거나 수업 페이지로 연결되지 않음.,2026-10-03
C,C03,https://weesh6219-rgb.github.io/web26-2-c03/,index에 링크 없음,링크가 깨진 항목이 있고 최근 index 링크도 없음.,2026-10-03
C,C04,https://eunseong0221.github.io/web26-2-c04/,정상형식,주차 표시는 없음.,2026-10-03
C,C05,https://akep67.github.io/web26-2-c05/,정상형식,주차 표시는 없음.,2026-10-03
C,C06,https://rani0707.github.io/web26-2-c06/,정상형식,이미지와 CSS까지 정리하여 전체 구성이 잘 완성됨.,2026-10-03
C,C07,https://jiwoooooooooooo.github.io/web26-2-c07/,정상형식,링크 이름/주차 표시는 다소 다르지만 페이지 연결은 확인됨.,2026-10-03
C,C08,https://github.com/zuzuzu10/web26-2-co8.git,이름 확인,GitHub Pages 주소가 아니라 소스 저장소 주소가 제출됨. 배포 주소 확인 필요.,2026-10-03
C,C09,https://passujin.github.io/web26-2-c09/,index에 링크 없음,index의 링크가 깨져 있음.,2026-10-03
C,C10,https://yoonacha07.github.io/web26-2-c10/,index에 링크 없음,index 내용이 비어 있거나 수업 페이지 링크가 없음.,2026-10-03
C,C11,https://hdong5454-jpg.github.io/Web26-2-c11/,정상형식,챕터 이름이 중복된 부분이 있음.,2026-10-03
C,C12,https://chaeyeon618.github.io/web26-2-c12/,index에 링크 없음,index에 수업 페이지로 이어지는 유효한 링크 구성이 없음.,2026-10-03
C,C13,-,미제출,주소 미제출.,2026-10-03
C,C14,https://erda5538.github.io/web26_2_c14/,정상형식,사이트와 CSS가 정상 적용됨. 색상과 footer까지 구성됨.,2026-10-03
C,C15,https://jumptop.github.io/web26-2-c15/,정상형식,표 등을 적용하여 구성함.,2026-10-03
C,C16,https://suppue.github.io/web26-2-c16/,정상형식,깔끔하게 구성됨.,2026-10-03
C,C17,https://saram90123.github.io/web26-2-c17/,정상형식,5장 관련 내용으로 보임.,2026-10-03
C,C18,https://01058151398a-sketch.github.io/web26-2-c18/,index에 링크 없음,주차 표시는 있으나 최근 index에 수업 페이지 링크가 없음.,2026-10-03
C,C19,https://nickmo732.github.io/web26-2-c19/,정상형식,과제 CSS까지 적용하여 구성함.,2026-10-03
C,C20,-,미제출,주소 미제출.,2026-10-03
C,C21,https://yanguseong81-ship-it.github.io/web26-2-c21/,정상형식,,2026-10-03
C,C22,https://jihyeonb295-dot.github.io/web26-2-c22/,정상형식,,2026-10-03
C,C23,https://chojungmin1019-commits.github.io/web26-2-c23/,index에 링크 없음,index 페이지가 수업 페이지 링크 방식으로 구성되지 않음.,2026-10-03
C,C24,-,미제출,주소 미제출.,2026-10-03
C,C25,https://wjddnjs20070906-create.github.io/web26-2-c25/,이름 확인,제출 주소가 맞지 않음. GitHub Pages 주소 재확인 필요.,2026-10-03
C,C26,https://sehwanw.github.io/web26-2-c26/,index에 링크 없음,최근 index에 수업 페이지 링크가 없음.,2026-10-03
C,C27,https://6yeong07-boop.github.io/web26-2-c27/,index에 링크 없음,주차 표시는 있으나 최근 index에 수업 페이지 링크가 없음.,2026-10-03
